id,name
1,Marcas
2,Reglamento de Trabajo
3,Laboral
4,Sociedades
5,Compraventa Acciones
6,Contrato
7,Registro Sanitario
8,Compraventa Inmueble
9,MIGRACIÓN
10,Aduanas
11,Fundacion
12,Licitacion
13,CAPATEC
14,LICENCIA
15,Municipio
16,Opinion legal
17,Adriana Grimaldo
18,Luis Roach
19,Iguala
20,Retainer
21,Vale Panama
22,Contratos
23,Emprendedora
24,Juan Raul Vega
25,Blogger
26,permiso de trabajo
27,visa pais amigo
28,APAC
29,Derecho de Autor
30,Startup
31,FE
32,Procesos de Cobro
33,IT - Telecomunicaciones
34,Paquete Emprendedor
35,Artes Gráficas
36,Tienda Online
37,Registro de marca
38,Bebidas no alcoholicas
39,Terminos y condiciones
40,Empresas SASS
41,Prevención de Riesgos
42,Proceso Legal
43,Propietario en PH Lemon Tower
44,RE: András Solti
45,Manualidades
46,E-Commerce
47,Exportación Frutas
48,Servicios Legales
49,Salud
50,Legal
51,RE: Javier Daza de AFRA
52,Acciones
53,Medicina
54,Alimenticio
55,Farmaceutico
56,Constitución de Fundación
57,Mercadeo
58,Artes
59,Emprendimiento
60,Empredimiento
61,Factura Electronica
62,Tecnología
63,Diseñador gráfico
64,Videojuegos
65,Asesoria Legal
66,Turismo
67,Servicios y consultoría
68,Libros
69,ExpoNegocios2021
70,Aliado
71,Exportación
72,Artesanal
73,Belleza
74,Intro General
75,Distribución
76,Servicios
77,Seguridad
78,Bienes Raíces
79,Logística
80,Público
81,Transporte
82,Contrato de Arrendamiento
83,Fintech
84,fondo
85,cesion
86,perú
87,drones
88,aeronautica civil
89,Cuentas Bancarias para extrajeros
90,Trámite de Residencia
91,Programa Países Amigos
92,Comisión Perú 2021
93,Salario Base en Panamá
94,Negocio Online
95,Formalización
96,Ingenieria
97,Acuerdo de Compra y Venta
98,Visas
99,Aviso de Operación
100,Arreglos Extrajudiciales
101,LDM
102,Depuración 2022
103,Facebook
104,Google Ads
105,velorecovery
106,Judicial
107,velofamilyoffice
108,velo
109,Floristería
110,ADMINISTRATIVO
111,Propiedad Horizontal
112,Corporativo
113,Anualidad Agente Residente
114,anualidad
